{
  "timestamp": "2026-01-20 00:31:57",
  "data_overview": {
    "총_병원수": 1153,
    "입점_업체수": 188,
    "미입점_업체수": 965,
    "입점률": 16.305290546400695
  },
  "part1_입점업체특징": {
    "기본_통계": {
      "총_병원수": 188,
      "평균_병상수": 0.5159574468085106,
      "평균_의사수": 0.8351063829787234,
      "평균_직원수": 0.0,
      "평균_수술실수": 0.574468085106383
    },
    "전문의_비율": 48.40425531914894,
    "수술실_보유율": 27.127659574468083,
    "상위5개_지역": {
      "신사동": 68,
      "논현동": 47,
      "역삼동": 44,
      "청담동": 14,
      "삼성동": 8
    }
  },
  "part2_비교분석": {
    "평균_지표_비교": {
      "입점": {
        "병상수": 0.5159574468085106,
        "의사수": 0.8351063829787234,
        "직원수": 0.0,
        "수술실수": 0.574468085106383
      },
      "미입점": {
        "병상수": 2.4207253886010363,
        "의사수": 0.7875647668393783,
        "직원수": 0.09430051813471503,
        "수술실수": 0.23730569948186528
      }
    },
    "전문의_비율_비교": {
      "입점": 48.40425531914894,
      "미입점": 35.233160621761655,
      "차이": 13.171094697387282
    },
    "수술실_보유율_비교": {
      "입점": 27.127659574468083,
      "미입점": 9.32642487046632,
      "차이": 17.801234704001764
    }
  }
}